,Ruby Waves: Sign. Wave Height,Ruby Waves: Max. Wave Height,Ruby Waves: Peak Wave Period,"Ruby Waves: Wave Period, T02",Ruby Waves: Mean Wave Direction,Ruby Waves: x-comp. of wave height vector,Ruby Waves: y-comp. of wave height vector,Ruby Waves: Wind speed,Ruby Waves: Wind direction
2020-08-10 00:00:00,1.564181923866272,3.056314706802368,7.508512496948242,4.508850574493408,69.9588623046875,-1.4690840244293213,-0.5362155437469482,7.031209468841553,77.99755859375
2020-08-10 00:30:00,1.5722455978393555,3.0737342834472656,7.503615379333496,4.4731597900390625,70.2603988647461,-1.4794782400131226,-0.5311963558197021,7.171144962310791,76.82740783691406
2020-08-10 01:00:00,1.5822421312332153,3.095059633255005,7.498624801635742,4.436145782470703,70.48104858398438,-1.4909429550170898,-0.5288291573524475,7.314140319824219,75.70269775390625
2020-08-10 01:30:00,1.5909186601638794,3.113239049911499,7.493350505828857,4.415550708770752,70.64258575439453,-1.5006237030029297,-0.5274926424026489,7.288978099822998,75.50863647460938
2020-08-10 02:00:00,1.596757411956787,3.1252622604370117,7.487467288970947,4.4095778465271,70.7691650390625,-1.507309079170227,-0.5260918140411377,7.26392936706543,75.31282043457031
2020-08-10 02:30:00,1.6008671522140503,3.133638620376587,7.480727195739746,4.408876895904541,70.9510269165039,-1.5128716230392456,-0.5226426720619202,7.269914150238037,77.02791595458984
2020-08-10 03:00:00,1.6041463613510132,3.140317916870117,7.473069667816162,4.408735275268555,71.24409484863281,-1.5186492204666138,-0.5159516930580139,7.282548904418945,78.73870086669922
2020-08-10 03:30:00,1.606276035308838,3.1446359157562256,7.464579105377197,4.4103684425354,71.58040618896484,-1.523682951927185,-0.5077018737792969,7.252718925476074,79.24868774414062
2020-08-10 04:00:00,1.6072145700454712,3.1465256214141846,7.4552764892578125,4.413501739501953,71.9107666015625,-1.52747642993927,-0.49920326471328735,7.223721981048584,79.76261138916016
2020-08-10 04:30:00,1.6073819398880005,3.146822929382324,7.444806098937988,4.418259143829346,72.13460540771484,-1.5295701026916504,-0.49328774213790894,7.184697151184082,77.6923828125
2020-08-10 05:00:00,1.6068543195724487,3.145656108856201,7.43235445022583,4.424914360046387,72.21833801269531,-1.5297826528549194,-0.4908929467201233,7.155513286590576,75.60491180419922
2020-08-10 05:30:00,1.6040064096450806,3.1395227909088135,7.417159557342529,4.441921234130859,72.25979614257812,-1.5274204015731812,-0.4889211654663086,7.012631893157959,75.35078430175781
2020-08-10 06:00:00,1.5977520942687988,3.1262238025665283,7.399206161499023,4.470510005950928,72.28410339355469,-1.5216647386550903,-0.4863710105419159,6.870059490203857,75.08769226074219
2020-08-10 06:30:00,1.5867937803268433,3.1030426025390625,7.379472732543945,4.516211986541748,72.19630432128906,-1.5104767084121704,-0.485343873500824,6.668145179748535,72.62090301513672
2020-08-10 07:00:00,1.5705100297927856,3.068744421005249,7.3593878746032715,4.580698490142822,71.98990631103516,-1.4932243824005127,-0.4857420027256012,6.47959041595459,70.00470733642578
2020-08-10 07:30:00,1.5576250553131104,3.042144775390625,7.338835716247559,4.614459037780762,71.75314331054688,-1.478963851928711,-0.48788124322891235,6.519443511962891,69.20650482177734
2020-08-10 08:00:00,1.5489301681518555,3.0245747566223145,7.3187360763549805,4.625242710113525,71.51854705810547,-1.468707799911499,-0.49118730425834656,6.560769081115723,68.41859436035156
2020-08-10 08:30:00,1.5437440872192383,3.0144271850585938,7.300563812255859,4.6210408210754395,71.32820892333984,-1.4621546268463135,-0.4944137632846832,6.663888931274414,69.84444427490234
2020-08-10 09:00:00,1.5426967144012451,3.0129892826080322,7.284482002258301,4.600498676300049,71.20413970947266,-1.4600825309753418,-0.49726516008377075,6.771035671234131,71.22632598876953
2020-08-10 09:30:00,1.5504213571548462,3.030057191848755,7.269549369812012,4.544251918792725,71.14839935302734,-1.466901183128357,-0.5012152194976807,6.99807596206665,72.9079360961914
2020-08-10 10:00:00,1.5674779415130615,3.066240072250366,7.253958702087402,4.472501277923584,71.17892456054688,-1.4833111763000488,-0.5059486031532288,7.230961322784424,74.48163604736328
2020-08-10 10:30:00,1.5844391584396362,3.1011738777160645,7.2357001304626465,4.436371326446533,71.19283294677734,-1.4994893074035645,-0.511036217212677,7.173816680908203,74.11400604248047
2020-08-10 11:00:00,1.5951228141784668,3.122410774230957,7.214439392089844,4.436135768890381,71.1326675415039,-1.5090621709823608,-0.5160311460494995,7.117064476013184,73.74110412597656
2020-08-10 11:30:00,1.5993975400924683,3.1302804946899414,7.192566394805908,4.45366096496582,71.0280532836914,-1.5121643543243408,-0.520149827003479,7.022883415222168,72.78712463378906
2020-08-10 12:00:00,1.5983703136444092,3.1273982524871826,7.173668384552002,4.477931499481201,70.92727661132812,-1.51028311252594,-0.5224667191505432,6.930716514587402,71.8076400756836
2020-08-10 12:00:00,1.5983703136444092,3.1273982524871826,7.173667907714844,4.477931499481201,70.92727661132812,-1.51028311252594,-0.5224667191505432,6.930716514587402,71.8076400756836
2020-08-10 12:30:00,1.5956149101257324,3.121433973312378,7.160032749176025,4.492302417755127,70.94517517089844,-1.5078532695770264,-0.521099328994751,6.984349727630615,72.93603515625
2020-08-10 13:00:00,1.5946135520935059,3.119623899459839,7.1517462730407715,4.487415790557861,71.12299346923828,-1.5085303783416748,-0.5160983800888062,7.040770530700684,74.04617309570312
2020-08-10 13:30:00,1.5937074422836304,3.1181468963623047,7.147395610809326,4.480052947998047,71.39239501953125,-1.5100886821746826,-0.5087102055549622,7.01174259185791,74.62586975097656
2020-08-10 14:00:00,1.5914283990859985,3.113837242126465,7.145262718200684,4.4771575927734375,71.6810073852539,-1.5104670524597168,-0.5003712177276611,6.983523368835449,75.20899963378906
2020-08-10 14:30:00,1.5857410430908203,3.1023130416870117,7.1440348625183105,4.489304065704346,71.96846771240234,-1.5075469017028809,-0.49101272225379944,6.8176774978637695,76.79427337646484
2020-08-10 15:00:00,1.5742223262786865,3.078505277633667,7.1433305740356445,4.524470806121826,72.22531127929688,-1.4987603425979614,-0.4807176887989044,6.657383441925049,78.4565658569336
2020-08-10 15:30:00,1.5577034950256348,3.0443496704101562,7.143810749053955,4.574078559875488,72.42150115966797,-1.4846465587615967,-0.4705822467803955,6.440645217895508,80.24649047851562
2020-08-10 16:00:00,1.5407391786575317,3.009709119796753,7.146560192108154,4.6112823486328125,72.60696411132812,-1.4699721336364746,-0.4606999158859253,6.230682373046875,82.1587905883789
2020-08-10 16:30:00,1.523667573928833,2.9750916957855225,7.15219783782959,4.642320156097412,72.74848937988281,-1.4547992944717407,-0.4520026743412018,6.000433921813965,81.40036010742188
2020-08-10 17:00:00,1.5065964460372925,2.9406540393829346,7.160573959350586,4.66859769821167,72.82830047607422,-1.439111590385437,-0.4449349343776703,5.771430969238281,80.58248138427734
2020-08-10 17:30:00,1.4898062944412231,2.9069201946258545,7.170968055725098,4.6908955574035645,72.86847686767578,-1.4233704805374146,-0.43898043036460876,5.550438404083252,79.94751739501953
2020-08-10 18:00:00,1.4734529256820679,2.874140977859497,7.182396411895752,4.710887432098389,72.87598419189453,-1.4077908992767334,-0.4339807331562042,5.3303914070129395,79.26065826416016
2020-08-10 18:30:00,1.4579246044158936,2.843085289001465,7.193916320800781,4.728060245513916,72.82963562011719,-1.39259672164917,-0.43054038286209106,5.166787624359131,76.0779800415039
2020-08-10 19:00:00,1.4434398412704468,2.814148187637329,7.204817295074463,4.743484020233154,72.72550201416016,-1.3779786825180054,-0.42877694964408875,5.0202178955078125,72.69879913330078
2020-08-10 19:30:00,1.4303361177444458,2.788043975830078,7.214689254760742,4.754859924316406,72.61595916748047,-1.3646531105041504,-0.42750298976898193,4.971395969390869,72.14324188232422
2020-08-10 20:00:00,1.4187767505645752,2.7650997638702393,7.223395824432373,4.761874198913574,72.5259017944336,-1.3529576063156128,-0.42618295550346375,4.923239231109619,71.57808685302734
2020-08-10 20:30:00,1.4095258712768555,2.747035503387451,7.230978488922119,4.755705833435059,72.44223022460938,-1.3435178995132446,-0.4253745377063751,5.151547431945801,70.75438690185547
2020-08-10 21:00:00,1.403211236000061,2.7351832389831543,7.237583160400391,4.733512878417969,72.35386657714844,-1.3368459939956665,-0.42553845047950745,5.3808817863464355,70.00102996826172
2020-08-10 21:30:00,1.3998526334762573,2.729518413543701,7.243351936340332,4.698540210723877,72.23700714111328,-1.332779884338379,-0.42724668979644775,5.6916656494140625,68.18051147460938
2020-08-10 22:00:00,1.3997794389724731,2.730696439743042,7.24840784072876,4.651758193969727,72.07303619384766,-1.3314859867095947,-0.4310426712036133,6.0076117515563965,66.55005645751953
2020-08-10 22:30:00,1.4030046463012695,2.738658905029297,7.252841472625732,4.5975565910339355,71.84571075439453,-1.3328347206115723,-0.437332421541214,6.286013603210449,64.41216278076172
2020-08-10 23:00:00,1.4094734191894531,2.753207206726074,7.2567033767700195,4.540085792541504,71.54302215576172,-1.3366501331329346,-0.4464165270328522,6.572452545166016,62.457881927490234
2020-08-10 23:30:00,1.4223592281341553,2.7811667919158936,7.259963035583496,4.461690425872803,71.09837341308594,-1.345334529876709,-0.46096888184547424,6.848543643951416,59.98920822143555
2020-08-11 00:00:00,1.4480313062667847,2.835684061050415,7.262275218963623,4.351486682891846,70.37855529785156,-1.3636236190795898,-0.48646873235702515,7.136439800262451,57.71603012084961
2020-08-11 00:00:00,1.4480313062667847,2.835684061050415,7.262275218963623,4.351486682891846,70.37855529785156,-1.3636236190795898,-0.48646873235702515,7.136439800262451,57.71603012084961
2020-08-11 00:30:00,1.4805774688720703,2.903262138366699,7.262073040008545,4.268897533416748,69.58332061767578,-1.3872731924057007,-0.5166863203048706,7.418226718902588,57.610321044921875
2020-08-11 01:00:00,1.513166069984436,2.969618558883667,7.255974769592285,4.227621078491211,68.91452026367188,-1.4115952253341675,-0.5445412397384644,7.700158596038818,57.51261901855469
2020-08-11 01:30:00,1.539815068244934,3.022716760635376,7.239803314208984,4.226043224334717,68.51443481445312,-1.4325952529907227,-0.5641155242919922,7.64865779876709,58.81646728515625
2020-08-11 02:00:00,1.5584019422531128,3.058919906616211,7.211641311645508,4.245345115661621,68.39894104003906,-1.4487690925598145,-0.5738192200660706,7.601221561431885,60.13792419433594
2020-08-11 02:30:00,1.5717235803604126,3.084512710571289,7.174270153045654,4.266233921051025,68.52151489257812,-1.4624091386795044,-0.5755784511566162,7.603217601776123,62.65468978881836
2020-08-11 03:00:00,1.5820910930633545,3.1043338775634766,7.133375644683838,4.283374786376953,68.83304595947266,-1.4751911163330078,-0.5713500380516052,7.620244979858398,65.16571044921875
2020-08-11 03:30:00,1.5901145935058594,3.1194992065429688,7.093629837036133,4.300514221191406,69.18839263916016,-1.4862051010131836,-0.565034806728363,7.580167293548584,66.00015258789062
2020-08-11 04:00:00,1.5962681770324707,3.1309266090393066,7.057136535644531,4.3182806968688965,69.5137939453125,-1.4951518774032593,-0.5587380528450012,7.541793346405029,66.84361267089844
2020-08-11 04:30:00,1.5997576713562012,3.1368706226348877,7.024832725524902,4.341780185699463,69.81696319580078,-1.5013625621795654,-0.5520219206809998,7.367684841156006,67.56829071044922
2020-08-11 05:00:00,1.600070834159851,3.136315107345581,6.998005390167236,4.371039390563965,70.10321807861328,-1.5043972730636597,-0.5446191430091858,7.194818019866943,68.328125
2020-08-11 05:30:00,1.5977542400360107,3.1304736137390137,6.978005409240723,4.40267276763916,70.35747528076172,-1.5046162605285645,-0.5371578931808472,7.076364517211914,68.58648681640625
2020-08-11 06:00:00,1.5930503606796265,3.119861602783203,6.965582847595215,4.43622350692749,70.58024597167969,-1.5022529363632202,-0.5297393798828125,6.958096981048584,68.85379791259766
2020-08-11 06:30:00,1.5859037637710571,3.104368209838867,6.960692405700684,4.472130298614502,70.71919250488281,-1.496783971786499,-0.5237334370613098,6.841549396514893,66.88571166992188
2020-08-11 07:00:00,1.5764551162719727,3.084230899810791,6.962407112121582,4.51234769821167,70.76118469238281,-1.4882452487945557,-0.519521951675415,6.733453750610352,64.85328674316406
2020-08-11 07:30:00,1.5697311162948608,3.0702502727508545,6.968987941741943,4.5289716720581055,70.68769836425781,-1.4812308549880981,-0.5192101001739502,6.870427131652832,62.51625442504883
2020-08-11 08:00:00,1.569761872291565,3.070767402648926,6.978241920471191,4.510953903198242,70.46028900146484,-1.4791877269744873,-0.5250954031944275,7.0184407234191895,60.275856018066406
2020-08-11 08:30:00,1.5705742835998535,3.0726943016052246,6.988776206970215,4.499295234680176,70.24527740478516,-1.47797691822052,-0.5309079885482788,6.921218395233154,60.752872467041016
2020-08-11 09:00:00,1.5675517320632935,3.066345453262329,7.000535011291504,4.509343147277832,70.15185546875,-1.474273681640625,-0.5322807431221008,6.824615955352783,61.24504089355469
2020-08-11 09:30:00,1.5646878480911255,3.060452938079834,7.0133891105651855,4.514235973358154,70.11685180664062,-1.471253752708435,-0.5322134494781494,6.889217376708984,62.28404235839844
2020-08-11 10:00:00,1.5669622421264648,3.0653650760650635,7.025629997253418,4.499971866607666,70.10466003417969,-1.4732674360275269,-0.5333268046379089,6.95613956451416,63.302947998046875
2020-08-11 10:30:00,1.577842116355896,3.0881235599517822,7.033890247344971,4.461540222167969,70.22965240478516,-1.4846662282943726,-0.5338143110275269,7.222728729248047,67.3328628540039
2020-08-11 11:00:00,1.5965420007705688,3.126638174057007,7.03501033782959,4.4171271324157715,70.61479187011719,-1.5058845281600952,-0.5300227999687195,7.522998332977295,71.05380249023438
2020-08-11 11:30:00,1.6128801107406616,3.159237861633301,7.029292106628418,4.410426616668701,71.33160400390625,-1.527906060218811,-0.5163538455963135,7.356575965881348,76.77169036865234
2020-08-11 12:00:00,1.6230612993240356,3.1786930561065674,7.020491123199463,4.428401470184326,72.31907653808594,-1.546304702758789,-0.49302372336387634,7.267160892486572,82.69132232666016
2020-08-11 12:00:00,1.6230612993240356,3.1786930561065674,7.020491123199463,4.428401470184326,72.31907653808594,-1.546304702758789,-0.49302372336387634,7.267160892486572,82.69132232666016
2020-08-11 12:30:00,1.6287962198257446,3.18894100189209,7.013477802276611,4.455741882324219,73.4394760131836,-1.561161994934082,-0.4643227756023407,7.133833885192871,87.83504486083984
2020-08-11 13:00:00,1.6323931217193604,3.194827079772949,7.011415481567383,4.486105918884277,74.61605072021484,-1.573839545249939,-0.4331229329109192,7.061337471008301,93.13726806640625
2020-08-11 13:30:00,1.6425535678863525,3.214775562286377,7.013134479522705,4.482852935791016,75.7371597290039,-1.591856598854065,-0.40475931763648987,7.4778289794921875,90.95085906982422
2020-08-11 14:00:00,1.6619899272918701,3.253959894180298,7.014611721038818,4.4545817375183105,76.69120025634766,-1.6172789335250854,-0.38268664479255676,7.905087471008301,89.00202941894531
2020-08-11 14:30:00,1.678787112236023,3.2869606018066406,7.014531135559082,4.455894947052002,77.4129867553711,-1.6383510828018188,-0.3659495711326599,7.708406448364258,89.26593780517578
2020-08-11 15:00:00,1.6877474784851074,3.3035457134246826,7.0142502784729,4.482620716094971,77.93514251708984,-1.6503647565841675,-0.35287779569625854,7.513123512268066,89.5461196899414
2020-08-11 15:30:00,1.6951181888580322,3.317366600036621,7.014532566070557,4.498438358306885,78.49329376220703,-1.6609282493591309,-0.3382564187049866,7.643887519836426,93.20652770996094
2020-08-11 16:00:00,1.7049492597579956,3.3367607593536377,7.014676094055176,4.496211528778076,79.2339859008789,-1.6747992038726807,-0.31859034299850464,7.805240154266357,96.72244262695312
2020-08-11 16:30:00,1.713521957397461,3.3536267280578613,7.013694763183594,4.4979166984558105,79.97563934326172,-1.6872061491012573,-0.29837098717689514,7.737560749053955,98.0831069946289
2020-08-11 17:00:00,1.7183974981307983,3.3629403114318848,7.010995864868164,4.507770538330078,80.61339569091797,-1.6952177286148071,-0.2803660035133362,7.674747943878174,99.46634674072266
2020-08-11 17:30:00,1.718119740486145,3.3616747856140137,7.006612777709961,4.52962589263916,81.03112030029297,-1.6969261169433594,-0.26796185970306396,7.42821741104126,97.8883285522461
2020-08-11 18:00:00,1.7129123210906982,3.3503267765045166,7.000945568084717,4.561736106872559,81.21426391601562,-1.692618489265442,-0.26176097989082336,7.188173770904541,96.2087631225586
2020-08-11 18:30:00,1.7088450193405151,3.341724157333374,6.994216442108154,4.579492092132568,81.45463562011719,-1.689697504043579,-0.2540786862373352,7.306889057159424,98.1521987915039
2020-08-11 19:00:00,1.7094722986221313,3.3431649208068848,6.986652851104736,4.575197219848633,81.89826965332031,-1.6922738552093506,-0.24107764661312103,7.434985160827637,100.02508544921875
2020-08-11 19:30:00,1.7072980403900146,3.3387415409088135,6.980368137359619,4.582056522369385,82.30950164794922,-1.6918412446975708,-0.22861318290233612,7.231392860412598,101.19326782226562
2020-08-11 20:00:00,1.6963127851486206,3.316248655319214,6.978902816772461,4.6092729568481445,82.49663543701172,-1.6817082166671753,-0.2216203510761261,7.031148433685303,102.42610168457031
2020-08-11 20:30:00,1.6756336688995361,3.2741239070892334,6.984989643096924,4.6528825759887695,82.32036590576172,-1.660527229309082,-0.22398704290390015,6.825128555297852,99.4464111328125
2020-08-11 21:00:00,1.6490557193756104,3.2204530239105225,6.999163627624512,4.695366859436035,81.8660888671875,-1.6323832273483276,-0.23335227370262146,6.639256954193115,96.28704071044922
2020-08-11 21:30:00,1.6233633756637573,3.1695148944854736,7.019519329071045,4.70750617980957,81.319091796875,-1.6046764850616455,-0.24503058195114136,6.697336196899414,91.55176544189453
2020-08-11 22:00:00,1.601015567779541,3.1261367797851562,7.043445110321045,4.689805030822754,80.71774291992188,-1.5799540281295776,-0.25824010372161865,6.8010053634643555,86.93317413330078
2020-08-11 22:30:00,1.5845638513565063,3.095529794692993,7.068728446960449,4.635677814483643,80.13341522216797,-1.5610251426696777,-0.27150872349739075,7.053561210632324,84.53656768798828
2020-08-11 23:00:00,1.5776493549346924,3.0850865840911865,7.09358024597168,4.541751861572266,79.61592864990234,-1.551709771156311,-0.2843478322029114,7.317789554595947,82.30988311767578
2020-08-11 23:30:00,1.5746045112609863,3.08207631111145,7.116622447967529,4.460512161254883,79.18063354492188,-1.5465179681777954,-0.2955603003501892,7.382652759552002,81.78858184814453
2020-08-12 00:00:00,1.5713212490081787,3.0778181552886963,7.136868000030518,4.404946327209473,78.83566284179688,-1.5414917469024658,-0.30423504114151,7.44822359085083,81.2766342163086
2020-08-12 00:00:00,1.5713212490081787,3.0778181552886963,7.136868000030518,4.404946327209473,78.83566284179688,-1.5414917469024658,-0.30423504114151,7.44822359085083,81.2766342163086
2020-08-12 00:30:00,1.567238211631775,3.0712831020355225,7.153496265411377,4.370007038116455,78.52616882324219,-1.5358277559280396,-0.3117515444755554,7.42641019821167,80.19622039794922
2020-08-12 01:00:00,1.562983512878418,3.0639867782592773,7.165988922119141,4.346429347991943,78.23502349853516,-1.5300630331039429,-0.3186910152435303,7.407339572906494,79.10958099365234
2020-08-12 01:30:00,1.558424711227417,3.0557031631469727,7.174051284790039,4.332972526550293,78.08204650878906,-1.524751901626587,-0.321839839220047,7.3323845863342285,80.6981430053711
2020-08-12 02:00:00,1.553846836090088,3.0471115112304688,7.1776123046875,4.326219081878662,78.12387084960938,-1.5205122232437134,-0.3197922706604004,7.263407230377197,82.31730651855469
2020-08-12 02:30:00,1.5500998497009277,3.0400168895721436,7.176487922668457,4.3227667808532715,78.42823028564453,-1.51852285861969,-0.3109695315361023,7.20299768447876,86.70513153076172
2020-08-12 03:00:00,1.5480448007583618,3.036177635192871,7.17008113861084,4.321593761444092,79.014404296875,-1.5196102857589722,-0.29503804445266724,7.185728073120117,91.1399154663086
2020-08-12 03:30:00,1.54925537109375,3.03890061378479,7.157339096069336,4.317150115966797,79.73829650878906,-1.5244083404541016,-0.27604180574417114,7.260461807250977,93.0619125366211
2020-08-12 04:00:00,1.5536531209945679,3.047971725463867,7.1371684074401855,4.311106204986572,80.51972961425781,-1.5323673486709595,-0.25595757365226746,7.343470096588135,94.94539642333984
2020-08-12 04:30:00,1.5591810941696167,3.059115409851074,7.109131813049316,4.3088297843933105,81.26038360595703,-1.541007399559021,-0.23697203397750854,7.384617805480957,94.86495971679688
2020-08-12 05:00:00,1.5643576383590698,3.0693747997283936,7.074036598205566,4.310684680938721,81.90631866455078,-1.5486998558044434,-0.22031481564044952,7.425857067108154,94.78453063964844
2020-08-12 05:30:00,1.5686476230621338,3.0777406692504883,7.033982753753662,4.315375328063965,82.4533920288086,-1.5549808740615845,-0.20608094334602356,7.4329047203063965,94.01819610595703
2020-08-12 06:00:00,1.5720678567886353,3.0843143463134766,6.991696357727051,4.3212738037109375,82.90741729736328,-1.5599567890167236,-0.1941743791103363,7.44128942489624,93.2535171508789
2020-08-12 06:30:00,1.575088381767273,3.090088129043579,6.949609756469727,4.327036380767822,83.36882019042969,-1.5644690990447998,-0.1819545030593872,7.45654296875,94.21797943115234
2020-08-12 07:00:00,1.5780768394470215,3.0958175659179688,6.909177303314209,4.3320631980896,83.88113403320312,-1.5690045356750488,-0.16827797889709473,7.473904609680176,95.17817687988281
2020-08-12 07:30:00,1.581769347190857,3.103048086166382,6.870759963989258,4.333730697631836,84.39807891845703,-1.5741324424743652,-0.15447761118412018,7.539093017578125,95.36238861083984
2020-08-12 08:00:00,1.5867050886154175,3.1128504276275635,6.8339643478393555,4.332185745239258,84.90128326416016,-1.580342173576355,-0.14108864963054657,7.604443550109863,95.5440902709961
2020-08-12 08:30:00,1.5908340215682983,3.1208300590515137,6.798645496368408,4.337164878845215,85.32698059082031,-1.5854605436325073,-0.1296815127134323,7.536439895629883,94.80193328857422
2020-08-12 09:00:00,1.5931620597839355,3.1249828338623047,6.765573024749756,4.3490447998046875,85.66064453125,-1.5885109901428223,-0.12062304466962814,7.469759464263916,94.04637908935547
2020-08-12 09:30:00,1.5963492393493652,3.130955219268799,6.735652446746826,4.356690883636475,86.03092956542969,-1.5924403667449951,-0.11057324707508087,7.541224002838135,94.76502990722656
2020-08-12 10:00:00,1.6016550064086914,3.141279697418213,6.709388732910156,4.359295845031738,86.4984359741211,-1.5985908508300781,-0.09789435565471649,7.613916873931885,95.4709701538086
2020-08-12 10:30:00,1.6091634035110474,3.1560912132263184,6.686363220214844,4.357655048370361,87.04852294921875,-1.606960654258728,-0.0829237848520279,7.760456085205078,96.21200561523438
2020-08-12 11:00:00,1.6184947490692139,3.1745548248291016,6.665197372436523,4.3544840812683105,87.65261840820312,-1.617072582244873,-0.06635667383670807,7.908293724060059,96.92564392089844
2020-08-12 11:30:00,1.6272718906402588,3.191701889038086,6.649878025054932,4.357366561889648,88.1994857788086,-1.6264044046401978,-0.05119685083627701,7.92516565322876,96.53234100341797
2020-08-12 12:00:00,1.6344349384307861,3.205476999282837,6.642374515533447,4.36481237411499,88.62724304199219,-1.6338976621627808,-0.039228394627571106,7.942461967468262,96.14083099365234
2020-08-12 12:00:00,1.6344349384307861,3.205476999282837,6.642374515533447,4.36481237411499,88.62724304199219,-1.6338976621627808,-0.039228398352861404,7.942461967468262,96.14083099365234
2020-08-12 12:30:00,1.6380796432495117,3.2119288444519043,6.642427921295166,4.382532119750977,88.93794250488281,-1.6377235651016235,-0.030438292771577835,7.744120121002197,96.11963653564453
2020-08-12 13:00:00,1.6370619535446167,3.2088639736175537,6.651034832000732,4.408452033996582,89.13934326171875,-1.6367946863174438,-0.02466774173080921,7.545934677124023,96.09758758544922
2020-08-12 13:30:00,1.632922649383545,3.1995739936828613,6.666966438293457,4.435807704925537,89.23126220703125,-1.6326851844787598,-0.021990137174725533,7.389560699462891,95.4999771118164
2020-08-12 14:00:00,1.6276878118515015,3.1882097721099854,6.686154365539551,4.460921287536621,89.22880554199219,-1.6274439096450806,-0.021996887400746346,7.234073638916016,94.87792205810547
2020-08-12 14:30:00,1.623004674911499,3.178107976913452,6.705308437347412,4.481147289276123,89.1344223022461,-1.6227209568023682,-0.02461690828204155,7.181674957275391,93.50135803222656
2020-08-12 15:00:00,1.6202181577682495,3.171919584274292,6.726110458374023,4.496623516082764,88.97158813476562,-1.6198610067367554,-0.02919016219675541,7.1335272789001465,92.10514068603516
2020-08-12 15:30:00,1.620666265487671,3.172367811203003,6.747805595397949,4.504420280456543,88.84207153320312,-1.620243787765503,-0.03286951780319214,7.186357498168945,92.63732147216797
2020-08-12 16:00:00,1.6246635913848877,3.1800167560577393,6.769937992095947,4.506162643432617,88.77976989746094,-1.6242069005966187,-0.03471856564283371,7.2398905754089355,93.16194915771484
2020-08-12 16:30:00,1.629822015762329,3.189788341522217,6.79269552230835,4.512649059295654,88.73688507080078,-1.6293376684188843,-0.03604833036661148,7.219819068908691,93.60942840576172
2020-08-12 17:00:00,1.6347466707229614,3.1988792419433594,6.816469669342041,4.525001049041748,88.685302734375,-1.6342264413833618,-0.037629302591085434,7.200214862823486,94.05962371826172
2020-08-12 17:30:00,1.6404939889907837,3.20971941947937,6.841108798980713,4.532933235168457,88.60262298583984,-1.639915943145752,-0.040126051753759384,7.271635055541992,93.76306915283203
2020-08-12 18:00:00,1.647155523300171,3.222569227218628,6.865840911865234,4.535012245178223,88.48684692382812,-1.646492838859558,-0.04360763356089592,7.343270778656006,93.47248077392578
2020-08-12 18:30:00,1.6517729759216309,3.2312140464782715,6.8898606300354,4.543017864227295,88.27690124511719,-1.650940179824829,-0.049768440425395966,7.2701544761657715,91.37287139892578
2020-08-12 19:00:00,1.6529299020767212,3.2328271865844727,6.912504196166992,4.557707786560059,87.96253204345703,-1.6518019437789917,-0.05885733664035797,7.207024574279785,89.23352813720703
2020-08-12 19:30:00,1.6529021263122559,3.2323498725891113,6.932952880859375,4.565739631652832,87.6623306274414,-1.6514501571655273,-0.06750115007162094,7.247805118560791,88.67422485351562
2020-08-12 20:00:00,1.6530691385269165,3.2326176166534424,6.950439929962158,4.56437349319458,87.4380874633789,-1.651349425315857,-0.07396247982978821,7.289418697357178,88.1212387084961
2020-08-12 20:30:00,1.6517595052719116,3.2299747467041016,6.964814186096191,4.564507961273193,87.2711181640625,-1.6498242616653442,-0.07870377600193024,7.2315521240234375,87.47505187988281
2020-08-12 21:00:00,1.6481220722198486,3.2226431369781494,6.976446151733398,4.568509101867676,87.12432098388672,-1.6459856033325195,-0.08274148404598236,7.174976348876953,86.82040405273438
2020-08-12 21:30:00,1.645816683769226,3.21840763092041,6.985542297363281,4.559412956237793,86.86009979248047,-1.6432822942733765,-0.0902065709233284,7.31520414352417,83.1951675415039
2020-08-12 22:00:00,1.6483180522918701,3.224322557449341,6.991621971130371,4.532697677612305,86.39552307128906,-1.6449878215789795,-0.10369737446308136,7.483683109283447,79.72061920166016
2020-08-12 22:30:00,1.655478596687317,3.2396998405456543,6.993505477905273,4.500565528869629,85.83766174316406,-1.6510387659072876,-0.12024008482694626,7.651858329772949,78.58564758300781
2020-08-12 23:00:00,1.6656115055084229,3.260795831680298,6.990021705627441,4.473996162414551,85.27116394042969,-1.6598700284957886,-0.1373947113752365,7.823022365570068,77.50138092041016
2020-08-12 23:30:00,1.677697777748108,3.285487413406372,6.980633735656738,4.454647541046143,84.7167739868164,-1.6705021858215332,-0.15455999970436096,8.035892486572266,76.92381286621094
2020-08-13 00:00:00,1.6925549507141113,3.315570116043091,6.965441703796387,4.436513423919678,84.17678833007812,-1.6837571859359741,-0.1718025654554367,8.249589920043945,76.37611389160156
2020-08-13 00:00:00,1.6925549507141113,3.315570116043091,6.965441703796387,4.436513423919678,84.17678833007812,-1.6837571859359741,-0.1718025654554367,8.249589920043945,76.37611389160156
2020-08-13 00:30:00,1.7058347463607788,3.3418169021606445,6.946159362792969,4.437648296356201,83.79371643066406,-1.6957824230194092,-0.18448403477668762,8.169673919677734,77.58638000488281
2020-08-13 01:00:00,1.713188648223877,3.3556575775146484,6.927441596984863,4.455711841583252,83.64418029785156,-1.7026147842407227,-0.189714714884758,8.093618392944336,78.81967163085938
2020-08-13 01:30:00,1.7213066816329956,3.371476888656616,6.9117655754089355,4.458995819091797,83.59407043457031,-1.7105209827423096,-0.19210819900035858,8.26430892944336,79.3824462890625
2020-08-13 02:00:00,1.7365539073944092,3.4023656845092773,6.8976240158081055,4.435627460479736,83.56847381591797,-1.725587010383606,-0.1945839673280716,8.435946464538574,79.91976928710938
2020-08-13 02:30:00,1.750696063041687,3.430474281311035,6.883829593658447,4.430975437164307,83.61848449707031,-1.739810585975647,-0.19464915990829468,8.307650566101074,81.03092956542969
2020-08-13 03:00:00,1.7548091411590576,3.437523126602173,6.871822357177734,4.459161281585693,83.74748229980469,-1.744330883026123,-0.19118477404117584,8.18313217163086,82.17642211914062
2020-08-13 03:30:00,1.764547348022461,3.456794261932373,6.858859539031982,4.454702854156494,83.68515014648438,-1.7537899017333984,-0.19417327642440796,8.478506088256836,80.06584167480469
2020-08-13 04:00:00,1.7899587154388428,3.508319616317749,6.83892822265625,4.416857719421387,83.24132537841797,-1.7774457931518555,-0.21077197790145874,8.784920692443848,78.1022720336914
2020-08-13 04:30:00,1.815754771232605,3.559633493423462,6.814529895782471,4.405496597290039,82.54402160644531,-1.8003193140029907,-0.2357286512851715,8.87277889251709,76.21343231201172
2020-08-13 05:00:00,1.8369700908660889,3.6010279655456543,6.790593147277832,4.414029121398926,81.73799896240234,-1.8178296089172363,-0.26405662298202515,8.970766067504883,74.37091827392578
2020-08-13 05:30:00,1.8581888675689697,3.6421689987182617,6.769321918487549,4.426224708557129,81.10469055175781,-1.8357700109481812,-0.2874067425727844,9.13608455657959,76.21990203857422
2020-08-13 06:00:00,1.8850404024124146,3.6942365169525146,6.749865531921387,4.441137313842773,80.72859954833984,-1.8603479862213135,-0.3037799298763275,9.310665130615234,78.00023651123047
2020-08-13 06:30:00,1.91535222530365,3.7524056434631348,6.735710144042969,4.4711785316467285,80.54290008544922,-1.8892614841461182,-0.31477200984954834,9.40272331237793,79.591064453125
2020-08-13 07:00:00,1.9443085193634033,3.8073391914367676,6.736564636230469,4.511207580566406,80.51298522949219,-1.9176597595214844,-0.32051968574523926,9.502296447753906,81.14651489257812
2020-08-13 07:30:00,1.9772721529006958,3.8701181411743164,6.755100727081299,4.548335552215576,80.35090637207031,-1.9492392539978027,-0.331464558839798,9.687199592590332,79.74171447753906
2020-08-13 08:00:00,2.0232574939727783,3.9587502479553223,6.793545246124268,4.572022438049316,79.84821319580078,-1.991507649421692,-0.3566840589046478,9.87777042388916,78.3907241821289
2020-08-13 08:30:00,2.083867073059082,4.074681282043457,6.858831882476807,4.621203899383545,78.94819641113281,-2.045107126235962,-0.3996236324310303,10.119375228881836,76.47836303710938
2020-08-13 09:00:00,2.161116123199463,4.2204413414001465,6.951935768127441,4.723885536193848,77.69483184814453,-2.11130952835083,-0.4608146846294403,10.372361183166504,74.6575927734375
2020-08-13 09:30:00,2.2455573081970215,4.3790693283081055,7.068572044372559,4.832183361053467,76.4513168334961,-2.1828994750976562,-0.5263242125511169,10.31416130065918,75.05725860595703
2020-08-13 10:00:00,2.321667194366455,4.521434307098389,7.205198764801025,4.926519393920898,75.4582748413086,-2.247157335281372,-0.5831303000450134,10.256771087646484,75.46161651611328
2020-08-13 10:30:00,2.3728458881378174,4.615234375,7.379725456237793,5.018483638763428,74.74178314208984,-2.2891039848327637,-0.6245845556259155,9.853401184082031,75.86572265625
2020-08-13 11:00:00,2.3920295238494873,4.646263599395752,7.54934024810791,5.12261962890625,74.26398468017578,-2.3023061752319336,-0.6488072872161865,9.450573921203613,76.30422973632812
2020-08-13 11:30:00,2.3964927196502686,4.650221824645996,7.668104648590088,5.198593616485596,74.02434539794922,-2.303877353668213,-0.6596335768699646,9.357131004333496,77.50031280517578
2020-08-13 12:00:00,2.3989455699920654,4.652270317077637,7.748465538024902,5.236263751983643,74.01676940917969,-2.3061554431915283,-0.6605995893478394,9.26787281036377,78.71988677978516
2020-08-13 12:00:00,2.3989455699920654,4.652270317077637,7.748465538024902,5.236263751983643,74.01676940917969,-2.3061554431915283,-0.6605995893478394,9.26787281036377,78.71988677978516
2020-08-13 12:30:00,2.3986146450042725,4.649840354919434,7.806574821472168,5.258891582489014,74.17847442626953,-2.307694673538208,-0.6539901494979858,9.192231178283691,79.74759674072266
2020-08-13 13:00:00,2.39607834815979,4.643733024597168,7.85193395614624,5.2718915939331055,74.46294403076172,-2.3084683418273926,-0.6418399810791016,9.11962890625,80.79177856445312
2020-08-13 13:30:00,2.3915188312530518,4.633963108062744,7.8891119956970215,5.282115936279297,74.83544158935547,-2.30818772315979,-0.6256206631660461,9.050138473510742,81.85210418701172
2020-08-13 14:00:00,2.3848609924316406,4.620344161987305,7.920797348022461,5.289614677429199,75.25713348388672,-2.3062844276428223,-0.6069158911705017,8.983829498291016,82.92819213867188
2020-08-13 14:30:00,2.3757076263427734,4.602121829986572,7.948789119720459,5.293463230133057,75.68611907958984,-2.301884889602661,-0.5873602628707886,8.920769691467285,84.01961517333984
2020-08-13 15:00:00,2.3637542724609375,4.5787129402160645,7.9743571281433105,5.293155193328857,76.08522033691406,-2.2943053245544434,-0.56842440366745,8.861026763916016,85.1258773803711
2020-08-13 15:30:00,2.3465020656585693,4.544732570648193,7.998612880706787,5.301551818847656,76.35350799560547,-2.280163049697876,-0.5535866618156433,8.662964820861816,84.76730346679688
2020-08-13 16:00:00,2.3215115070343018,4.494984149932861,8.022452354431152,5.328805923461914,76.438720703125,-2.256679058074951,-0.5443205237388611,8.46534538269043,84.39141082763672
2020-08-13 16:30:00,2.291008710861206,4.434167861938477,8.046330451965332,5.3650431632995605,76.39480590820312,-2.226609945297241,-0.538888156414032,8.268200874328613,83.9969482421875
2020-08-13 17:00:00,2.2619500160217285,4.376880168914795,8.071086883544922,5.383148670196533,76.30913543701172,-2.19756817817688,-0.5353631973266602,8.071568489074707,83.58258819580078
2020-08-13 17:30:00,2.234844446182251,4.323756217956543,8.096162796020508,5.393251895904541,76.19407653808594,-2.170165538787842,-0.5333296656608582,7.875491142272949,83.14684295654297
2020-08-13 18:00:00,2.209510564804077,4.2742438316345215,8.11931324005127,5.4002909660339355,76.05180358886719,-2.1442456245422363,-0.532631516456604,7.680012226104736,82.68810272216797
2020-08-13 18:30:00,2.1877009868621826,4.232133865356445,8.138837814331055,5.39271354675293,75.87467956542969,-2.1214354038238525,-0.5339511036872864,7.735929012298584,81.11732482910156
2020-08-13 19:00:00,2.17061185836792,4.199891567230225,8.154440879821777,5.367547512054443,75.65860748291016,-2.102846622467041,-0.5377246737480164,7.7975850105285645,79.56979370117188
2020-08-13 19:30:00,2.1570980548858643,4.174931526184082,8.16635799407959,5.335415363311768,75.40313720703125,-2.0873472690582275,-0.5436972975730896,7.8648505210876465,78.04707336425781
2020-08-13 20:00:00,2.146486520767212,4.155769348144531,8.174947738647461,5.301129341125488,75.1075210571289,-2.07425594329834,-0.551739513874054,7.937588691711426,76.55056762695312
2020-08-13 20:30:00,2.1385140419006348,4.141823768615723,8.180656433105469,5.266361713409424,74.77197265625,-2.063293695449829,-0.5617899894714355,8.015656471252441,75.08148956298828
2020-08-13 21:00:00,2.1329989433288574,4.13269567489624,8.183940887451172,5.2321319580078125,74.39653778076172,-2.0542542934417725,-0.5738214254379272,8.098906517028809,73.64089965820312
2020-08-13 21:30:00,2.130911111831665,4.130459308624268,8.185174942016602,5.1934332847595215,73.97889709472656,-2.0480101108551025,-0.588211178779602,8.220093727111816,72.33362579345703
2020-08-13 22:00:00,2.1323485374450684,4.135264873504639,8.184525489807129,5.15170955657959,73.53107452392578,-2.0447323322296143,-0.6046119332313538,8.345475196838379,71.0655746459961
2020-08-13 22:30:00,2.137645959854126,4.147855281829834,8.181961059570312,5.104210376739502,73.07789611816406,-2.0449657440185547,-0.6222970485687256,8.474859237670898,69.83609008789062
2020-08-13 23:00:00,2.146702289581299,4.167987823486328,8.177508354187012,5.052920818328857,72.65792083740234,-2.0490105152130127,-0.6399502754211426,8.608061790466309,68.64446258544922
2020-08-13 23:30:00,2.156648635864258,4.189614772796631,8.171455383300781,5.009222984313965,72.30158996582031,-2.0544793605804443,-0.6556876301765442,8.744908332824707,67.48985290527344
2020-08-14 00:00:00,2.164522409439087,4.206683158874512,8.164286613464355,4.978279113769531,72.00926971435547,-2.0586013793945312,-0.6685841083526611,8.88522720336914,66.37140655517578
2020-08-14 00:00:00,2.164522409439087,4.206683158874512,8.164286613464355,4.978279113769531,72.00926971435547,-2.0586013793945312,-0.6685841083526611,8.88522720336914,66.37140655517578
2020-08-14 00:30:00,2.1687283515930176,4.21600866317749,8.156302452087402,4.960445880889893,71.87975311279297,-2.061081647872925,-0.6745426058769226,8.945307731628418,67.93344116210938
2020-08-14 01:00:00,2.170733690261841,4.2208709716796875,8.147618293762207,4.9454731941223145,71.91842651367188,-2.0634407997131348,-0.6737756729125977,9.012004852294922,69.47398376464844
2020-08-14 01:30:00,2.17250657081604,4.225229740142822,8.13775634765625,4.9313130378723145,72.04181671142578,-2.0665712356567383,-0.669880211353302,9.085180282592773,70.99128723144531
2020-08-14 02:00:00,2.17535400390625,4.231651782989502,8.12602424621582,4.91801118850708,72.20731353759766,-2.0712058544158936,-0.6647841930389404,9.16468334197998,72.48377990722656
2020-08-14 02:30:00,2.1806063652038574,4.242809772491455,8.11165714263916,4.9037299156188965,72.39332580566406,-2.0783565044403076,-0.6596494317054749,9.250356674194336,73.9500503540039
2020-08-14 03:00:00,2.189418077468872,4.2607879638671875,8.093857765197754,4.894514560699463,72.58792114257812,-2.0889885425567627,-0.6552304625511169,9.342035293579102,75.3888931274414
2020-08-14 03:30:00,2.195626735687256,4.272995948791504,8.070030212402344,4.89769172668457,72.71885681152344,-2.0964014530181885,-0.6523091793060303,9.1995210647583,75.48025512695312
2020-08-14 04:00:00,2.1951825618743896,4.271100997924805,8.038359642028809,4.924912929534912,72.76579284667969,-2.096503496170044,-0.6504724025726318,9.057047843933105,75.57454681396484
2020-08-14 04:30:00,2.1930794715881348,4.265977382659912,8.007018089294434,4.94978141784668,72.79345703125,-2.0948047637939453,-0.6488440036773682,8.914618492126465,75.67190551757812
2020-08-14 05:00:00,2.1890597343444824,4.257125377655029,7.979961395263672,4.973310947418213,72.8193588256836,-2.0912563800811768,-0.6467095613479614,8.772235870361328,75.77249145507812
2020-08-14 05:30:00,2.181464195251465,4.241148471832275,7.959068298339844,4.99978494644165,72.83940124511719,-2.0842244625091553,-0.6437327265739441,8.629899978637695,75.87644958496094
2020-08-14 06:00:00,2.1683499813079834,4.2140793800354,7.945111274719238,5.033780574798584,72.83600616455078,-2.0716540813446045,-0.6399780511856079,8.487615585327148,75.98397064208984
2020-08-14 06:30:00,2.1516101360321045,4.180060386657715,7.9377336502075195,5.064031600952148,72.80216979980469,-2.0552818775177,-0.6362437009811401,8.433746337890625,76.00189208984375
2020-08-14 07:00:00,2.1349685192108154,4.146733283996582,7.9354658126831055,5.082289218902588,72.75800323486328,-2.0388967990875244,-0.632896363735199,8.379883766174316,76.02000427246094
2020-08-14 07:30:00,2.120241403579712,4.117659091949463,7.93647575378418,5.088497638702393,72.72457885742188,-2.024465322494507,-0.6297168135643005,8.326030731201172,76.03831481933594
2020-08-14 08:00:00,2.1071364879608154,4.092071056365967,7.939437389373779,5.087711334228516,72.70435333251953,-2.0117313861846924,-0.6265371441841125,8.272185325622559,76.05682373046875
2020-08-14 08:30:00,2.0947768688201904,4.068077087402344,7.943629741668701,5.084235191345215,72.69261932373047,-1.9998036623001099,-0.6232717037200928,8.218347549438477,76.0755386352539
2020-08-14 09:00:00,2.082719087600708,4.044763565063477,7.9487481117248535,5.07899284362793,72.68711853027344,-1.9882327318191528,-0.6198728084564209,8.164519309997559,76.09445190429688
2020-08-14 09:30:00,2.069305181503296,4.018606185913086,7.954706192016602,5.0796122550964355,72.66218566894531,-1.9751582145690918,-0.6167358160018921,7.992733001708984,75.4104995727539
2020-08-14 10:00:00,2.053964376449585,3.9885149002075195,7.961461544036865,5.084603786468506,72.61253356933594,-1.9599813222885132,-0.6138579249382019,7.822168350219727,74.69668579101562
2020-08-14 10:30:00,2.0371689796447754,3.955536127090454,7.968883514404297,5.090771675109863,72.55335998535156,-1.9433199167251587,-0.6108430624008179,7.652907371520996,73.95126342773438
2020-08-14 11:00:00,2.018937587738037,3.9196670055389404,7.976681709289551,5.099363803863525,72.49127197265625,-1.9252643585205078,-0.6074626445770264,7.485037803649902,73.17237091064453
2020-08-14 11:30:00,1.9996610879898071,3.881697654724121,7.984460353851318,5.10957670211792,72.4306869506836,-1.9062358140945435,-0.6036810874938965,7.3186540603637695,72.35804748535156
2020-08-14 12:00:00,1.9794784784317017,3.8418426513671875,7.991810321807861,5.123311519622803,72.37444305419922,-1.886398434638977,-0.5994454026222229,7.153860092163086,71.50618743896484
2020-08-14 12:00:00,1.9794784784317017,3.8418426513671875,7.991810321807861,5.123311519622803,72.37444305419922,-1.886398434638977,-0.5994454026222229,7.153860092163086,71.50618743896484
2020-08-14 12:30:00,1.9604030847549438,3.804436445236206,7.998379230499268,5.128506183624268,72.3306655883789,-1.8677551746368408,-0.5951038599014282,7.1741485595703125,71.0256576538086
2020-08-14 13:00:00,1.9448020458221436,3.774484634399414,8.003936767578125,5.114670753479004,72.2986068725586,-1.852550745010376,-0.5914125442504883,7.194953441619873,70.54803466796875
2020-08-14 13:30:00,1.9317080974578857,3.7497358322143555,8.008293151855469,5.092989444732666,72.27252960205078,-1.8398008346557617,-0.5882752537727356,7.216270923614502,70.07334899902344
2020-08-14 14:00:00,1.9204720258712769,3.728749990463257,8.011322021484375,5.06838846206665,72.24765014648438,-1.8288359642028809,-0.58565354347229,7.238094806671143,69.60165405273438
2020-08-14 14:30:00,1.9106191396713257,3.710503339767456,8.012968063354492,5.04348611831665,72.21978759765625,-1.8191604614257812,-0.5835384726524353,7.260420799255371,69.13298034667969
2020-08-14 15:00:00,1.9018276929855347,3.69431734085083,8.013239860534668,5.019504547119141,72.1855239868164,-1.8104329109191895,-0.5819403529167175,7.283243656158447,68.66737365722656
2020-08-14 15:30:00,1.8952137231826782,3.6826419830322266,8.012187004089355,4.988511085510254,72.1673583984375,-1.8039494752883911,-0.5804908275604248,7.425007343292236,69.3342514038086
2020-08-14 16:00:00,1.8917590379714966,3.677483081817627,8.009868621826172,4.949278831481934,72.1764907836914,-1.8007584810256958,-0.5791481137275696,7.568203926086426,69.97616577148438
2020-08-14 16:30:00,1.8912887573242188,3.6783230304718018,8.006258010864258,4.907636642456055,72.20280456542969,-1.8005878925323486,-0.5781788229942322,7.712752819061279,70.59413146972656
2020-08-14 17:00:00,1.8930933475494385,3.683558225631714,8.001212120056152,4.869531631469727,72.24163055419922,-1.8027138710021973,-0.5775089859962463,7.858578681945801,71.18914031982422
2020-08-14 17:30:00,1.8967756032943726,3.692331552505493,7.994521141052246,4.836483001708984,72.29082489013672,-1.8067339658737183,-0.5770824551582336,8.005610466003418,71.76216888427734
2020-08-14 18:00:00,1.9033136367797852,3.706712245941162,7.985978126525879,4.804063320159912,72.3487777709961,-1.8135616779327393,-0.5772440433502197,8.15378189086914,72.31414794921875
2020-08-14 18:30:00,1.912284016609192,3.7255678176879883,7.975317478179932,4.781057834625244,72.44042205810547,-1.8230390548706055,-0.577061116695404,8.13479995727539,73.74371337890625
2020-08-14 19:00:00,1.9194459915161133,3.7400693893432617,7.962271690368652,4.778147220611572,72.56004333496094,-1.8310729265213013,-0.5753986239433289,8.121087074279785,75.17774200439453
2020-08-14 19:30:00,1.9239780902862549,3.7489376068115234,7.9471821784973145,4.784865379333496,72.69326782226562,-1.8367338180541992,-0.5724753737449646,8.112656593322754,76.61431884765625
2020-08-14 20:00:00,1.9260368347167969,3.7528085708618164,7.931414604187012,4.792959690093994,72.8503189086914,-1.8402653932571411,-0.5680273175239563,8.109508514404297,78.051513671875
2020-08-14 20:30:00,1.9258029460906982,3.7522242069244385,7.916853427886963,4.798429012298584,73.04166412353516,-1.8419309854507446,-0.5617890357971191,8.111635208129883,79.48743438720703
2020-08-14 21:00:00,1.9235585927963257,3.747835397720337,7.904989242553711,4.799621105194092,73.2685546875,-1.8419935703277588,-0.5538224577903748,8.11901569366455,80.92020416259766
2020-08-14 21:30:00,1.9175159931182861,3.7357964515686035,7.896430015563965,4.80620813369751,73.53533935546875,-1.8387583494186401,-0.5435163974761963,7.987529754638672,83.1475601196289
2020-08-14 22:00:00,1.908247709274292,3.7173800468444824,7.891025543212891,4.813741683959961,73.8578109741211,-1.832885503768921,-0.5305803418159485,7.868507385253906,85.44578552246094
2020-08-14 22:30:00,1.897432565689087,3.696040153503418,7.888251304626465,4.818404674530029,74.22911834716797,-1.8258752822875977,-0.5157493352890015,7.762521743774414,87.81060791015625
2020-08-14 23:00:00,1.885671854019165,3.672924041748047,7.887556552886963,4.82126522064209,74.63400268554688,-1.8181289434432983,-0.49971428513526917,7.6701130867004395,90.236572265625
2020-08-14 23:30:00,1.87337064743042,3.6488025188446045,7.888510227203369,4.822946071624756,75.05953979492188,-1.809897780418396,-0.4830235242843628,7.591777324676514,92.71708679199219
2020-08-15 00:00:00,1.8609219789505005,3.6244513988494873,7.890814304351807,4.823240756988525,75.4984130859375,-1.8014835119247437,-0.46602749824523926,7.527953147888184,95.24443054199219
2020-08-15 00:00:00,1.8609219789505005,3.6244513988494873,7.890813827514648,4.823240756988525,75.4984130859375,-1.8014835119247437,-0.46602749824523926,7.527953147888184,95.24443054199219
2020-08-15 00:30:00,1.8470783233642578,3.5971405506134033,7.894251346588135,4.829818248748779,75.84715270996094,-1.7908521890640259,-0.4516671895980835,7.34190034866333,95.56537628173828
2020-08-15 01:00:00,1.8310037851333618,3.5651679039001465,7.898680210113525,4.8439106941223145,76.05086517333984,-1.776832938194275,-0.44141554832458496,7.156113624572754,95.90313720703125
2020-08-15 01:30:00,1.8117649555206299,3.5265331268310547,7.9039740562438965,4.8706254959106445,76.10582733154297,-1.7585645914077759,-0.43508121371269226,6.970614910125732,96.25904083251953
2020-08-15 02:00:00,1.7892498970031738,3.480982542037964,7.909975528717041,4.911708831787109,76.02145385742188,-1.7360596656799316,-0.4322245717048645,6.785427570343018,96.6345443725586
2020-08-15 02:30:00,1.764042615890503,3.4296932220458984,7.916459083557129,4.967637062072754,75.82498168945312,-1.710121512413025,-0.4320108890533447,6.600578784942627,97.03128051757812
2020-08-15 03:00:00,1.7410273551940918,3.3832316398620605,7.923206806182861,5.0079169273376465,75.66365814208984,-1.6866010427474976,-0.4311460554599762,6.416097640991211,97.45104217529297
2020-08-15 03:30:00,1.7213579416275024,3.3439226150512695,7.9300336837768555,5.0305023193359375,75.59683990478516,-1.6670494079589844,-0.4282398819923401,6.35726261138916,99.05360412597656
2020-08-15 04:00:00,1.7047063112258911,3.3109493255615234,7.936758995056152,5.04064416885376,75.6275634765625,-1.6511518955230713,-0.4232291579246521,6.303501129150391,100.68474578857422
2020-08-15 04:30:00,1.6903564929962158,3.2827184200286865,7.943238735198975,5.04419469833374,75.72997283935547,-1.638001799583435,-0.4167533218860626,6.254943370819092,102.34253692626953
2020-08-15 05:00:00,1.6778419017791748,3.2582204341888428,7.949397087097168,5.043968200683594,75.88511657714844,-1.6269896030426025,-0.4092750549316406,6.211709976196289,104.02476501464844
2020-08-15 05:30:00,1.6668262481689453,3.2367422580718994,7.955224990844727,5.041592597961426,76.07837677001953,-1.6176700592041016,-0.4011428654193878,6.17391300201416,105.72901153564453
2020-08-15 06:00:00,1.6570558547973633,3.217756509780884,7.960763931274414,5.037931442260742,76.29875183105469,-1.609709620475769,-0.39261022210121155,6.141651630401611,107.45263671875
2020-08-15 06:30:00,1.6484358310699463,3.2010891437530518,7.966081142425537,5.032535076141357,76.51107788085938,-1.6027708053588867,-0.3846372663974762,6.137007236480713,106.58280944824219
2020-08-15 07:00:00,1.640769124031067,3.1863369941711426,7.971245288848877,5.025809288024902,76.693359375,-1.5965230464935303,-0.37777644395828247,6.1338324546813965,105.71184539794922
2020-08-15 07:30:00,1.6337568759918213,3.1728804111480713,7.976302623748779,5.018702983856201,76.84903717041016,-1.5907114744186401,-0.37184545397758484,6.132129192352295,104.84017181396484
2020-08-15 08:00:00,1.627162218093872,3.160238027572632,7.981276035308838,5.0116376876831055,76.98036193847656,-1.585129737854004,-0.3667154908180237,6.131899356842041,103.96823120117188
2020-08-15 08:30:00,1.6208112239837646,3.1480607986450195,7.986170291900635,5.004749298095703,77.08975219726562,-1.5796308517456055,-0.36227118968963623,6.133142471313477,103.09646606445312
2020-08-15 09:00:00,1.6146016120910645,3.13614821434021,7.9909820556640625,4.997979164123535,77.17974090576172,-1.57413649559021,-0.35841286182403564,6.135858058929443,102.22530364990234
2020-08-15 09:30:00,1.6075260639190674,3.122246742248535,7.99569845199585,5.001399993896484,77.23294067382812,-1.5675616264343262,-0.35538801550865173,5.9600348472595215,102.42378997802734
2020-08-15 10:00:00,1.5995566844940186,3.106353282928467,8.000292778015137,5.012579441070557,77.25839233398438,-1.559941053390503,-0.3529355525970459,5.784300327301025,102.6343994140625
2020-08-15 10:30:00,1.5911661386489868,3.089508295059204,8.004752159118652,5.027817249298096,77.26606750488281,-1.5517994165420532,-0.35088008642196655,5.6086626052856445,102.85826873779297
2020-08-15 11:00:00,1.582514762878418,3.07204270362854,8.009055137634277,5.046783924102783,77.25657653808594,-1.543298363685608,-0.3492327630519867,5.433130741119385,103.0966796875
2020-08-15 11:30:00,1.5740293264389038,3.054891347885132,8.013179779052734,5.066006660461426,77.24085235595703,-1.5349220037460327,-0.34778717160224915,5.257715702056885,103.35108184814453
2020-08-15 12:00:00,1.565758228302002,3.038123846054077,8.017107963562012,5.086783409118652,77.21778869628906,-1.526711344718933,-0.34658083319664,5.082429885864258,103.62313842773438
2020-08-15 12:00:00,1.565758228302002,3.038123846054077,8.017107963562012,5.086783409118652,77.21778869628906,-1.526711344718933,-0.34658083319664,5.082429885864258,103.62313842773438
2020-08-15 12:30:00,1.558345913887024,3.0232014656066895,8.020825386047363,5.101144313812256,77.232666015625,-1.519567608833313,-0.3445526957511902,5.163665294647217,106.5269775390625
2020-08-15 13:00:00,1.5526552200317383,3.012035846710205,8.02433967590332,5.100924968719482,77.32963562011719,-1.5145920515060425,-0.3407387137413025,5.257754802703857,109.3338623046875
2020-08-15 13:30:00,1.5483986139297485,3.0039288997650146,8.027667999267578,5.091793537139893,77.49349212646484,-1.5114004611968994,-0.33549001812934875,5.3640217781066895,112.0357437133789
2020-08-15 14:00:00,1.5454057455062866,2.998483180999756,8.030835151672363,5.076416492462158,77.71712493896484,-1.5097705125808716,-0.3289569318294525,5.481756687164307,114.62702178955078
2020-08-15 14:30:00,1.5436545610427856,2.995649576187134,8.033873558044434,5.055168151855469,78.00209045410156,-1.5096725225448608,-0.3210844397544861,5.610236644744873,117.10438537597656
2020-08-15 15:00:00,1.543185830116272,2.995509147644043,8.036823272705078,5.028347969055176,78.35369110107422,-1.5111539363861084,-0.31172293424606323,5.748739719390869,119.46648406982422
2020-08-15 15:30:00,1.5428239107131958,2.9953958988189697,8.039724349975586,5.009787559509277,78.68699645996094,-1.512585997581482,-0.3028578758239746,5.6523332595825195,119.399169921875
2020-08-15 16:00:00,1.5416381359100342,2.9933133125305176,8.042593955993652,5.004542827606201,78.94577026367188,-1.512773871421814,-0.29579639434814453,5.555944919586182,119.32978820800781
2020-08-15 16:30:00,1.5397175550460815,2.9895482063293457,8.045439720153809,5.007731914520264,79.14918518066406,-1.5119277238845825,-0.29006147384643555,5.4595746994018555,119.25822448730469
2020-08-15 17:00:00,1.537298560142517,2.984675884246826,8.048269271850586,5.015083312988281,79.31790161132812,-1.510398030281067,-0.2851581573486328,5.363224506378174,119.18439483642578
2020-08-15 17:30:00,1.534436583518982,2.9788334369659424,8.051071166992188,5.025685787200928,79.45913696289062,-1.5082825422286987,-0.2809079885482788,5.266894817352295,119.1081771850586
2020-08-15 18:00:00,1.5311487913131714,2.9720637798309326,8.053852081298828,5.03930139541626,79.57645416259766,-1.5056207180023193,-0.27722135186195374,5.170586585998535,119.02945709228516
2020-08-15 18:30:00,1.5273836851119995,2.9642438888549805,8.056636810302734,5.056912422180176,79.64955139160156,-1.5022692680358887,-0.27462077140808105,5.052358627319336,116.66587829589844
2020-08-15 19:00:00,1.5232455730438232,2.955604314804077,8.059426307678223,5.077667713165283,79.6750259399414,-1.4983220100402832,-0.27320918440818787,4.943155288696289,114.19375610351562
2020-08-15 19:30:00,1.5189884901046753,2.9467077255249023,8.062176704406738,5.099190711975098,79.67072296142578,-1.4941160678863525,-0.27255702018737793,4.843585014343262,111.6153564453125
2020-08-15 20:00:00,1.514763355255127,2.9378795623779297,8.064894676208496,5.120423793792725,79.64458465576172,-1.489838719367981,-0.27247825264930725,4.754248142242432,108.93484497070312
2020-08-15 20:30:00,1.5106769800186157,2.9293508529663086,8.067544937133789,5.140478134155273,79.60061645507812,-1.4856138229370117,-0.272883802652359,4.675726413726807,106.15851593017578
2020-08-15 21:00:00,1.5068057775497437,2.92128586769104,8.070107460021973,5.158742427825928,79.54019165039062,-1.4815224409103394,-0.27374786138534546,4.608567714691162,103.29488372802734
2020-08-15 21:30:00,1.503556489944458,2.914618730545044,8.07260799407959,5.1693549156188965,79.47489929199219,-1.4780192375183105,-0.2748428285121918,4.674866199493408,100.43571472167969
2020-08-15 22:00:00,1.5012189149856567,2.909979820251465,8.0750732421875,5.170153617858887,79.40959930419922,-1.4754115343093872,-0.2760975658893585,4.752496719360352,97.66312408447266
2020-08-15 22:30:00,1.4997069835662842,2.907144784927368,8.077569007873535,5.16359281539917,79.33577728271484,-1.473573088645935,-0.27771806716918945,4.840914726257324,94.98573303222656
2020-08-15 23:00:00,1.498975157737732,2.9059956073760986,8.080172538757324,5.150794982910156,79.24785614013672,-1.47243070602417,-0.2798416018486023,4.939540863037109,92.409912109375
2020-08-15 23:30:00,1.4990240335464478,2.906515121459961,8.082965850830078,5.132596969604492,79.14361572265625,-1.4719719886779785,-0.2825278341770172,5.047773838043213,89.93989562988281
2020-08-16 00:00:00,1.4999319314956665,2.9088551998138428,8.086118698120117,5.1092095375061035,79.02320861816406,-1.47227144241333,-0.2857918441295624,5.165009021759033,87.5780029296875
